<?xml version="1.0" encoding="UTF-8"?>
<configuration scan="true" scanPeriod="60 seconds" debug="false">


    <appender name="stdout" class="ch.qos.logback.core.ConsoleAppender">
        <encoder>
            <pattern>
                %d{yyyy-MM-dd HH:mm:ss.SSS} | %-5level | %class | %thread | %method | %-3line | %msg %n
            </pattern>
        </encoder>
    </appender>

    <appender name="file" class="ch.qos.logback.core.rolling.RollingFileAppender">
        <file>${logs.dir}/logback-test.log</file>

        <rollingPolicy class="ch.qos.logback.core.rolling.FixedWindowRollingPolicy">

            <FileNamePattern>${logs.dir}/logback-test.%i.log</FileNamePattern>

            <minIndex>1</minIndex>

            <maxIndex>1</maxIndex>
        </rollingPolicy>


        <triggeringPolicy class="ch.qos.logback.core.rolling.SizeBasedTriggeringPolicy">

            <maxFileSize>30MB</maxFileSize>
        </triggeringPolicy>


        <encoder>
            <charset>UTF-8</charset>
            <Pattern>
                %d{yyyy-MM-dd HH:mm:ss.SSS} | %level | %class | %thread | %method | %line | %msg %n
            </Pattern>
        </encoder>
    </appender>

    <root>
        <level value="DEBUG" />
        <appender-ref ref="stdout" />
       <!-- <appender-ref ref="file" />-->
    </root>

</configuration>